Issue key,Issue Type,Epic Link,Summary,Description,Priority,Status,Component,Reporter,Labels,Created
HRZN-1,Epic,,Product Discovery & Navigation,"Finding products: PLP faceted navigation, search, sort, pagination, related rails. From discovery call.",High,In Progress,Discovery,Karan Malhotra,"epic,discovery",2026-02-12 09:00
HRZN-2,Epic,,Cart & Checkout,"Cart, persistence, guest checkout, express checkout, checkout step flow, order placement, payment states.",High,In Progress,Checkout,Karan Malhotra,"epic,checkout",2026-02-12 09:00
HRZN-3,Epic,,Merchandising & Conversion,"Promotions engine, reviews/UGC, cross-sell/upsell, cart-abandonment, wishlist, back-in-stock, analytics.",Medium,To Do,Growth,Ananya Bose,"epic,growth",2026-02-12 09:00
HRZN-4,Epic,,Catalog & Admin (back-office),"Catalog CMS, product/variant modelling, category tree, RBAC, OMS view, pricing display, content pages, reporting.",High,To Do,Admin,Karan Malhotra,"epic,admin",2026-02-12 09:00
HRZN-5,Epic,,Accounts & Identity,"Registration, login/session, password reset, profile, address book, verification, consent capture.",High,To Do,Accounts,Karan Malhotra,"epic,accounts",2026-02-16 09:00
HRZN-6,Epic,,Orders & Post-purchase (customer),"Customer order history, order tracking, invoice download, self-service returns/cancellation, reorder.",High,To Do,Orders,Karan Malhotra,"epic,orders",2026-02-16 09:00
HRZN-7,Epic,,"Platform, Compliance & Reporting","Cookie consent, policy pages, T&C acceptance, data-subject requests, grievance officer, cross-cutting compliance.",High,To Do,Platform,Karan Malhotra,"epic,compliance",2026-02-17 09:00
HRZN-10,Story,HRZN-1,Faceted navigation on the PLP,"As a shopper I want to combine multiple filters at once on the product listing page (PLP) - category, brand, price range, rating, attributes - so I can narrow results quickly. Faceted navigation, the way large marketplaces let you stack several facets simultaneously and refine live. Show result counts per facet value e.g. 'Brand A (24)'. Must be usable on mobile.",High,To Do,Discovery,Ananya Bose,"mvp,search,plp",2026-02-12 14:10
HRZN-11,Story,HRZN-1,Search typeahead + synonym handling,As a shopper I want autocomplete suggestions as I type and tolerance for synonyms/misspellings so I still find items when my wording differs from the catalog term (e.g. 'sneakers' should match items tagged 'trainers'). Typeahead/predictive search as seen on major storefronts.,High,To Do,Discovery,Ananya Bose,"mvp,search",2026-02-12 14:12
HRZN-12,Story,HRZN-1,No-results fallback page,"As a shopper who searches something we don't have, I want 'did you mean' suggestions and fallback recommendations instead of a dead-end blank page, so I don't bounce.",Medium,To Do,Discovery,Ananya Bose,"mvp,search",2026-02-12 14:14
HRZN-13,Story,HRZN-1,Sort options on PLP,"Sort by relevance (default), price low-high / high-low, newest, popularity. Standard PLP sorting.",Medium,To Do,Discovery,Karan Malhotra,"mvp,plp",2026-02-12 14:16
HRZN-14,Story,HRZN-1,Product comparison (compare tool),As a shopper I want to add 2-3 products to a compare view and see attributes side by side. Common on higher-consideration categories. NOTE: Karan flagged as maybe-not-v1. DECISION PENDING.,Low,To Do,Discovery,Ananya Bose,"disputed,phase2",2026-02-12 14:18
HRZN-15,Story,HRZN-1,Related-product rails on PDP,"As a shopper on a PDP I want 'you may also like' / 'people also viewed' rails, so I discover more. Cross-sell/upsell rails comparable to the 'customers also bought' modules on large storefronts. Recommendation logic can start rule-based.",Medium,To Do,Discovery,Ananya Bose,"growth,pdp,cross-sell",2026-02-12 14:20
HRZN-16,Story,HRZN-1,Breadcrumb navigation,Breadcrumbs on PLP/PDP reflecting the category tree so users can navigate up levels and don't get lost.,Low,To Do,Discovery,Dev Prasad,ux,2026-02-12 14:22
HRZN-17,Story,HRZN-1,PLP pagination / lazy load,"As a shopper browsing a large category I want the PLP to page or lazy-load results rather than dumping everything, so it stays fast. Ties to perf NFR-PERF-03.",Medium,To Do,Discovery,Dev Prasad,"mvp,plp,perf",2026-02-16 10:05
HRZN-20,Story,HRZN-2,Product detail page with variants (SKU-level),"As a shopper I want a PDP with image gallery/zoom, description, price, and a variant selector (e.g. size/colour) where each variant is its own SKU with its own stock. Add-to-cart resolves to a specific SKU.",High,To Do,Checkout,Karan Malhotra,"mvp,pdp,catalog",2026-02-13 10:05
HRZN-21,Story,HRZN-2,Cart: add / update / remove + persistence,"Add, change qty, remove. Cart persists across sessions/devices for logged-in users. Show line totals, subtotal, estimated total.",High,To Do,Checkout,Karan Malhotra,"mvp,cart",2026-02-13 10:08
HRZN-22,Story,HRZN-2,Guest cart merge on login,"As a returning user who added items as a guest and then logs in, I want my guest (session) cart merged into my account cart rather than lost - the way major platforms reconcile a session cart into the account cart on sign-in.",Medium,To Do,Checkout,Dev Prasad,"cart,edge-case",2026-02-13 10:10
HRZN-23,Story,HRZN-2,Guest checkout (REQUIRED per Growth),"As a shopper I want to check out without creating an account (email + address + pay), so I'm not forced to register. Offer optional account creation post-purchase with email pre-filled. NOTE: BRD lists this as OPEN; Growth pushing for IN. Needs Meera's sign-off.",High,To Do,Checkout,Ananya Bose,"disputed,mvp,conversion",2026-02-13 10:12
HRZN-24,Story,HRZN-2,Express checkout for logged-in users,"As a returning logged-in user with a saved address + tokenised saved card I want a shortened express-checkout path, to reduce friction. Per CommerceForge email - tokenised, we store no card data.",Medium,To Do,Checkout,Karan Malhotra,"checkout,payments",2026-02-13 10:15
HRZN-25,Story,HRZN-2,Checkout step flow,"As a shopper I want a clear checkout sequence: (1) delivery address, (2) shipping method, (3) order review with totals + taxes, (4) payment, (5) confirmation. Keep steps minimal. Show applicable charges before payment.",High,To Do,Checkout,Karan Malhotra,"mvp,checkout",2026-02-16 10:20
HRZN-26,Story,HRZN-2,Apply coupon / promo at checkout,As a shopper I want to enter a promo code at checkout and see the discount reflected in totals before paying. Consumes the promotions engine (HRZN-30).,Medium,To Do,Checkout,Ananya Bose,"checkout,promotions",2026-02-16 10:22
HRZN-27,Story,HRZN-2,Pincode serviceability + address validation at checkout,"As a shopper I want to check whether my PIN code is serviceable (and see a delivery ETA) on the PDP and at checkout, and be blocked with a clear message if it isn't. COD availability may also vary by pincode. Per Ops intake C4.",High,To Do,Checkout,Sameer Qureshi,"mvp,checkout,shipping",2026-02-16 10:24
HRZN-28,Story,HRZN-2,Order confirmation (screen + email),"On successful payment (or COD acceptance) the customer sees an on-screen confirmation with order number and summary, and receives a confirmation email. Ties to notifications (Ops D1) and GST invoice (payments thread).",High,To Do,Checkout,Karan Malhotra,"mvp,orders",2026-02-16 10:26
HRZN-29,Story,HRZN-2,Payment failure / pending state handling,"As a shopper whose payment fails, times out or is pending, I want clear feedback and the ability to retry without losing my cart, and the order must not be marked confirmed until the PSP confirms success. Handle gateway callback/webhook reliably.",High,To Do,Checkout,Dev Prasad,"mvp,payments,edge-case",2026-02-16 10:28
HRZN-30,Story,HRZN-3,Promotions / coupon engine,"Support promo codes with cart-level and item-level discounts (percent or flat), min-order thresholds, expiry, usage limits. Ananya needs a launch code live. NOT resolved in BRD.",Medium,To Do,Growth,Ananya Bose,"growth,promotions",2026-02-13 11:00
HRZN-31,Story,HRZN-3,Reviews & ratings with UGC moderation,As a shopper I want star ratings + written reviews on the PDP with an average rating. Needs a moderation queue for user-generated content (UGC). Growth wants launch; not confirmed in scope. DISPUTED.,Medium,To Do,Growth,Ananya Bose,"disputed,reviews,ugc",2026-02-13 11:05
HRZN-32,Story,HRZN-3,Cart abandonment recovery email,"As Growth I want an automated reminder email to users who leave items in cart after N hours, to recover abandoned carts. NOTE: per Legal, this is MARKETING - only to opted-in customers (see HRZN-77). Not in BRD.",Low,Backlog,Growth,Ananya Bose,"growth,lifecycle,consent",2026-02-13 11:08
HRZN-33,Story,HRZN-3,Wishlist / save for later,As a shopper I want to save products to a wishlist to buy later. Flagged in discovery as a 'maybe'; likely lives in the account area.,Low,Backlog,Growth,Ananya Bose,"phase2,could-have",2026-02-13 11:10
HRZN-34,Story,HRZN-3,Back-in-stock notify signup,As a shopper viewing an out-of-stock item I want to sign up to be emailed when it's back. Per Ops intake A3. Transactional-ish but confirm consent treatment.,Low,Backlog,Growth,Sameer Qureshi,lifecycle,2026-02-16 11:12
HRZN-35,Story,HRZN-3,Conversion funnel analytics instrumentation,As Growth I want the funnel instrumented (view -> PDP -> add-to-cart -> checkout -> purchase) so we can see and fix drop-off. Satisfies the BRD 'visibility' objective. MUST respect cookie/marketing consent (HRZN-75). Ties to NFR-OBS-02.,Medium,To Do,Growth,Ananya Bose,"growth,analytics",2026-02-16 11:14
HRZN-40,Story,HRZN-4,Catalog CMS - manage products without eng,"As a merchandiser I want to create/edit/publish/unpublish products, prices and images myself, so I don't raise an eng ticket for catalog changes. Core reason for the rebuild per BRD.",High,To Do,Admin,Karan Malhotra,"mvp,admin,cms",2026-02-13 12:00
HRZN-41,Story,HRZN-4,Manageable category tree,As an admin I want to define and reorganise the category tree (used by nav + breadcrumbs + facets) without code.,Medium,To Do,Admin,Dev Prasad,"admin,cms",2026-02-13 12:03
HRZN-42,Story,HRZN-4,Role-based admin access (RBAC),"As an admin I want role-based access control so ops, CX, merchandising and finance each see only what they should. Enforced per NFR-SEC-07; actions audit-logged per NFR-SEC-08.",Medium,To Do,Admin,Dev Prasad,"admin,security,rbac",2026-02-13 12:06
HRZN-43,Story,HRZN-4,Order management view for staff,"Staff can view orders, update order state, trigger refunds/credit notes, and see payment + fulfilment status in one place (lightweight OMS view).",High,To Do,Admin,Sameer Qureshi,"mvp,admin,oms",2026-02-13 12:09
HRZN-44,Story,HRZN-4,"Pricing display (MRP, discount, tax-inclusive)","As a shopper I want to see selling price with MRP strikethrough and discount %, with prices shown tax-inclusive (invoice still shows the tax split per Finance). Admin sets MRP + selling price per SKU.",Medium,To Do,Admin,Karan Malhotra,"pdp,pricing",2026-02-16 12:12
HRZN-45,Story,HRZN-4,Content pages CMS (home banners + policy pages),"As a team I want to manage homepage banners and static/policy pages (T&C, Privacy, Return, Shipping, Cookie) as editable content, not hard-coded, so we can update copy without a developer. Hosts the Legal policy pages (HRZN-71).",Medium,To Do,Admin,Karan Malhotra,"cms,compliance",2026-02-17 12:15
HRZN-46,Story,HRZN-4,Staff reporting dashboard,"As the business I want a basic dashboard of sales, orders and stock (no manual spreadsheet exports), so we finally have visibility. Directly satisfies the BRD 'visibility' objective.",Medium,To Do,Admin,Meera Iyer,"admin,reporting",2026-02-17 12:18
HRZN-60,Story,HRZN-5,Register (email + password),"As a new customer I want to create an account with email + password, so I can save details and see my orders. Password rules enforced; stored hashed per NFR-SEC-02.",High,To Do,Accounts,Karan Malhotra,"mvp,accounts",2026-02-16 13:00
HRZN-61,Story,HRZN-5,Login / logout + session,"As a returning customer I want to log in and log out securely, with a 'remember me' option. Session handling per NFR-SEC-03; rate-limited per NFR-SEC-05.",High,To Do,Accounts,Karan Malhotra,"mvp,accounts",2026-02-16 13:02
HRZN-62,Story,HRZN-5,Password reset,"As a customer who forgot my password I want a secure reset via email link / OTP, so I can regain access. Rate-limited; link/OTP expires.",High,To Do,Accounts,Karan Malhotra,"mvp,accounts",2026-02-16 13:04
HRZN-63,Story,HRZN-5,Profile management,"As a customer I want to view and edit my profile (name, contact, communication preferences).",Medium,To Do,Accounts,Karan Malhotra,"mvp,accounts",2026-02-16 13:06
HRZN-64,Story,HRZN-5,Address book (multiple + default),"As a customer I want to save multiple delivery addresses and pick a default, so checkout is faster. Feeds express checkout (HRZN-24).",High,To Do,Accounts,Karan Malhotra,"mvp,accounts",2026-02-16 13:08
HRZN-65,Story,HRZN-5,Email / mobile verification (OTP),"As the platform I want to verify a customer's email and/or mobile via OTP at signup, to reduce fake accounts and enable order comms. Rate-limited per NFR-SEC-05.",Medium,To Do,Accounts,Dev Prasad,"accounts,security",2026-02-16 13:10
HRZN-66,Story,HRZN-5,Social / OTP-based login,"As a customer I want to log in via Google or mobile OTP instead of a password. NICE-TO-HAVE - likely phase 2, decision pending.",Low,Backlog,Accounts,Ananya Bose,"phase2,could-have",2026-02-16 13:12
HRZN-67,Story,HRZN-5,Marketing consent capture (opt-in),"As the platform I must capture marketing consent SEPARATELY and OPT-IN (not bundled with signup or T&C) per Legal, and store the consent state, so promo/marketing sends only go to opted-in users. Provide easy withdraw/unsubscribe.",High,To Do,Accounts,Karan Malhotra,"mvp,compliance,consent",2026-02-17 13:14
HRZN-70,Story,HRZN-6,Order history list,"As a customer I want to see a list of my past and current orders with status, so I can keep track. Guest orders lookup via order-number + email (since guest checkout has no account).",High,To Do,Orders,Karan Malhotra,"mvp,orders",2026-02-16 14:00
HRZN-71,Story,HRZN-6,Order detail + status timeline + tracking,"As a customer I want an order detail page showing items, amounts, a status timeline (Confirmed -> Shipped -> Delivered) and the carrier tracking link/AWB. Tracking data per Ops intake C1.",High,To Do,Orders,Karan Malhotra,"mvp,orders,shipping",2026-02-16 14:02
HRZN-72,Story,HRZN-6,Download GST invoice from order page,As a customer I want to download the GST tax-invoice PDF for my order (and a credit note for refunds). Invoice content/compliance per payments thread (Finance).,Medium,To Do,Orders,Priyanka Sethi,"orders,compliance,finance",2026-02-16 14:04
HRZN-73,Story,HRZN-6,Raise a return (RMA) from order page,"As a customer I want to request a return for eligible items from my order page within the return window, kicking off the RMA flow (CX approval -> reverse pickup -> inspect -> refund/credit note). Full flow per Ops/CX intake E. Window (7 vs 10 days) UNDECIDED.",Medium,To Do,Orders,Neha Gupta,"orders,returns,disputed",2026-02-16 14:06
HRZN-74,Story,HRZN-6,Cancel order (pre-shipment) from order page,"As a customer I want to cancel an order before it ships, triggering stock release and a refund if prepaid. Per Ops intake B2.",Medium,To Do,Orders,Sameer Qureshi,orders,2026-02-16 14:08
HRZN-75,Story,HRZN-6,Reorder,"As a returning customer I want to reorder a past order in one tap. NICE-TO-HAVE, phase 2.",Low,Backlog,Orders,Ananya Bose,"phase2,could-have",2026-02-16 14:10
HRZN-80,Story,HRZN-7,Cookie consent banner,"As required by Legal, show a cookie-consent banner on first visit allowing accept/reject of non-essential (analytics/marketing) cookies; store the choice; don't fire non-essential trackers before consent. Gates analytics (HRZN-35).",High,To Do,Platform,Karan Malhotra,"mvp,compliance,consent",2026-02-17 15:00
HRZN-81,Story,HRZN-7,Policy pages live + footer links,"T&C, Privacy Policy, Return/Refund/Cancellation Policy, Shipping Policy, Cookie Policy - all live at launch, linked in the footer sitewide and at checkout. Managed as content via CMS (HRZN-45). Per Legal.",High,To Do,Platform,Karan Malhotra,"mvp,compliance",2026-02-17 15:02
HRZN-82,Story,HRZN-7,T&C + return policy acceptance at checkout,"Before placing an order the customer must tick (not pre-ticked) acceptance of the Terms and Return Policy, with links. Record acceptance + terms version + timestamp against the order. Per Legal point 2.",High,To Do,Platform,Karan Malhotra,"mvp,compliance,checkout",2026-02-17 15:04
HRZN-83,Story,HRZN-7,Data-subject requests (access / correction / erasure),"Provide a documented way for a customer to request access to, correction of, or erasure of their personal data (admin-assisted acceptable for launch). Erasure must NOT delete statutory tax records (Finance) - erase profile/marketing data, retain invoices. Per Legal point 5 + Priyanka.",Medium,To Do,Platform,Karan Malhotra,"compliance,privacy",2026-02-17 15:06
HRZN-84,Story,HRZN-7,Publish Grievance Officer details,Publish name/role + contact email of a Grievance Officer on the site as required (DPDP). CX (Neha) owns the inbox. Per Legal point 6.,Low,To Do,Platform,Neha Gupta,compliance,2026-02-17 15:08
HRZN-50,Bug,HRZN-1,Facet counts wrong after applying a filter,"Repro: apply brand facet, price facet counts don't recalculate against the filtered set - still show global counts. Expected: counts reflect current facet selection.",Medium,To Do,Discovery,Dev Prasad,"bug,search",2026-02-14 15:30
HRZN-51,Bug,HRZN-2,Stock not released on abandoned unpaid order,"If checkout is started (stock reserved) but payment never completes, reserved stock isn't released after timeout - risks phantom out-of-stock. Needs a reservation timeout. Ties to NFR-SCL-02.",High,To Do,Checkout,Dev Prasad,"bug,inventory,edge-case",2026-02-14 15:36
